{
  "L": 3,
  "beam_saved": 5000,
  "beam_width": 5000,
  "elapsed_sec_level": 7027.335415,
  "elapsed_sec_total": 12107.283714,
  "tasks": 24990000,
  "top_m_words": 5000,
  "use_ram_cache": true
}